{
	"empStr": {
		"eNo": 1000,
		"eName": "Alam",
		"salary": 70000,
		"currency": "USD",
		"mario": true
	},
	"empTable": [{
		"eNo": 6000,
		"eName": "Rustam",
		"salary": 6700,
		"currency": "EUR",
		"smoker": false,
		"gender": "https://encrypted-tbn0.gstatic.com/images?q=tbn%3AANd9GcQ4X-UKegvFJk9xQtCqkjcj7m1Wr-cUWk4P0Q&usqp=CAU",
		"mStat": "Married",
		"rating": 4.5
	},{
		"eNo": 7000,
		"eName": "Mohammad",
		"salary": 7800,
		"currency": "RYL",
		"smoker": false,
		"gender": "https://encrypted-tbn0.gstatic.com/images?q=tbn%3AANd9GcQ4X-UKegvFJk9xQtCqkjcj7m1Wr-cUWk4P0Q&usqp=CAU",
		"mStat": "Married",
		"rating": 4
	}, {
		"eNo": 8000,
		"eName": "Jenifer",
		"salary": 8900,
		"currency": "USD",
		"smoker": true,
		"gender": "https://encrypted-tbn0.gstatic.com/images?q=tbn%3AANd9GcQDD3TAfPKVjNyU4CKXPi-U0XtlduattMomaA&usqp=CAU",
		"mStat": "Single",
		"rating": 2
	}, {
		"eNo": 9000,
		"eName": "Vishakha",
		"salary": 97000,
		"currency": "INR",
		"smoker": false,
		"gender": "https://encrypted-tbn0.gstatic.com/images?q=tbn%3AANd9GcQDD3TAfPKVjNyU4CKXPi-U0XtlduattMomaA&usqp=CAU",
		"mStat": "Married",
		"rating": 4
	}, {
		"eNo": 10000,
		"eName": "Srinivas",
		"salary": 10200,
		"currency": "USD",
		"smoker": false,
		"gender": "https://encrypted-tbn0.gstatic.com/images?q=tbn%3AANd9GcQ4X-UKegvFJk9xQtCqkjcj7m1Wr-cUWk4P0Q&usqp=CAU",
		"mStat": "Married",
		"rating": 3
	}]
}