<core:FragmentDefinition xmlns:core="sap.ui.core" xmlns="sap.m" xmlns:f="sap.ui.layout.form">
	<f:SimpleForm>
		<Label text="COMPANY NAME"></Label>
		<Text text="{supplr>/COMPANY_NAME}"></Text>
		<Label text="CITY"></Label>
		<Text text="{supplr>/CITY}"></Text>
		<Label text="COUNTRY"></Label>
		<Text text="{supplr>/COUNTRY}"></Text>
		<Label text="EMAIL ADDRESS"></Label>
		<Text text="{supplr>/EMAIL_ADDRESS}"></Text>
		<Label text="FAX NUMBER"></Label>
		<Text text="{supplr>/FAX_NUMBER}"></Text>
		<Label text="WEB ADDRESS"></Label>
		<Text text="{supplr>/WEB_ADDRESS}"></Text>
		<Label text="PHONE NUMBER"></Label>
		<Text text="{supplr>/PHONE_NUMBER}"></Text>
		<!--<Button text="Test" press="onTest"></Button>-->
	</f:SimpleForm>
</core:FragmentDefinition>