<core:FragmentDefinition xmlns:core="sap.ui.core" xmlns="sap.m">
	<!--items="{/SupplierSet}"  items="{supplier>/results}"-->
	<Table id="idTable" items="{supplier>/results}" enableBusyIndicator="true">
		<headerToolbar>
			<Toolbar>
				<ToolbarSpacer></ToolbarSpacer>
				<Button icon="sap-icon://filter" press="onSupplierPopup"></Button>
			</Toolbar>
		</headerToolbar>
		<columns>
			<Column>
				<Label text="EMAIL ADDRESS"></Label>
			</Column>
			<Column minScreenWidth="Tablet">
				<Label text="PHONE NUMBER"></Label>
			</Column>
			<Column>
				<Label text="COMPANY_NAME"></Label>
			</Column>
			<Column demandPopin="true" minScreenWidth="Tablet">
				<Label text="FAX_NUMBER"></Label>
			</Column>
			<Column demandPopin="true" minScreenWidth="Tablet">
				<Label text="CITY"></Label>
			</Column>
			<Column>
				<Label text="COUNTRY"></Label>
			</Column>
		</columns>
		<items>
			<ColumnListItem>
				<cells>
					<Text text="{supplier>EMAIL_ADDRESS}"></Text>
					<Text text="{supplier>PHONE_NUMBER}"></Text>
					<Input value="{supplier>COMPANY_NAME}" showValueHelp="true" valueHelpRequest="onF4Help"></Input>
					<Text text="{supplier>FAX_NUMBER}"></Text>
					<Text text="{supplier>CITY}"></Text>
					<Text text="{supplier>COUNTRY}"></Text>
				</cells>
			</ColumnListItem>
		</items>
	</Table>
</core:FragmentDefinition>