<core:FragmentDefinition xmlns:core="sap.ui.core" xmlns="sap.m" xmlns:f="sap.ui.layout.form">
	<Table id="idTable" items="{/suppliers}" mode="SingleSelectMaster" selectionChange="onselectionChange">
		<columns>
			<Column>
				<Label text="Supplier Name"></Label>
			</Column>
			<Column minScreenWidth="Tablet">
				<Label text="Since When"></Label>
			</Column>
			<Column>
				<Label text="City"></Label>
			</Column>
			<Column demandPopin="true" minScreenWidth="Tablet">
				<Label text="Contact"></Label>
			</Column>
			<Column demandPopin="true" minScreenWidth="Tablet">
				<Label text="Ph."></Label>
			</Column>
		</columns>
		<items>
			<ColumnListItem>
				<cells>
					<Text text="{name}"></Text>
					<Text text="{sinceWhen}"></Text>
					<Input value="{City}"></Input>
					<Text text="{contactPerson}"></Text>
					<Text text="{phone}"></Text>
				</cells>
			</ColumnListItem>
		</items>
	</Table>
	<f:SimpleForm id="idSimpleForm">
		<Label text="Name"></Label>
		<Text text="{name}"></Text>
		<Label text="Since When"></Label>
		<Text text="{sinceWhen}"></Text>
		<Label text="Contact Person"></Label>
		<Text text="{contactPerson}"></Text>
		<Label text="Phone"></Label>
		<Text text="{phone}"></Text>
	</f:SimpleForm>
</core:FragmentDefinition>