<core:FragmentDefinition xmlns:core="sap.ui.core" xmlns="sap.m">
	<Table id="idTable" items="{/suppliers}">
		<headerToolbar>
			<Toolbar>
				<ToolbarSpacer></ToolbarSpacer>
				<Button icon="sap-icon://filter" press="onSupplierPopup"></Button>
			</Toolbar>
		</headerToolbar>
		<columns>
			<Column>
				<Label text="Supplier Name"></Label>
			</Column>
			<Column minScreenWidth="Tablet">
				<Label text="Since When"></Label>
			</Column>
			<Column>
				<Label text="City"></Label>
			</Column>
			<Column demandPopin="true" minScreenWidth="Tablet">
				<Label text="Contact"></Label>
			</Column>
			<Column demandPopin="true" minScreenWidth="Tablet">
				<Label text="Ph."></Label>
			</Column>
		</columns>
		<items>
			<ColumnListItem>
				<cells>
					<Text text="{name}"></Text>
					<Text text="{sinceWhen}"></Text>
					<Input value="{City}" showValueHelp="true" valueHelpRequest="onF4Help"></Input>
					<Text text="{contactPerson}"></Text>
					<Text text="{phone}"></Text>
				</cells>
			</ColumnListItem>
		</items>
	</Table>
</core:FragmentDefinition>