{
	"empStr": {
		"eNo": 1000,
		"eName": "Alam",
		"salary": 70000,
		"currency": "USD",
		"mario": true
	},
	"empTable": [{
		"eNo": 1000,
		"eName": "Alam",
		"salary": 5800,
		"currency": "EUR",
		"smoker": false,
		"gender": "https://encrypted-tbn0.gstatic.com/images?q=tbn%3AANd9GcQ4X-UKegvFJk9xQtCqkjcj7m1Wr-cUWk4P0Q&usqp=CAU",
		"mStat": "Single",
		"rating": 3,
		"doj": "20170101"
	},{
		"eNo": 2000,
		"eName": "Mohammad",
		"salary": 9800,
		"currency": "RYL",
		"smoker": false,
		"gender": "https://encrypted-tbn0.gstatic.com/images?q=tbn%3AANd9GcQ4X-UKegvFJk9xQtCqkjcj7m1Wr-cUWk4P0Q&usqp=CAU",
		"mStat": "Married",
		"rating": 4,
		"doj": "20181012"
	}, {
		"eNo": 3000,
		"eName": "Jenifer",
		"salary": 8700,
		"currency": "USD",
		"smoker": true,
		"gender": "https://encrypted-tbn0.gstatic.com/images?q=tbn%3AANd9GcQDD3TAfPKVjNyU4CKXPi-U0XtlduattMomaA&usqp=CAU",
		"mStat": "Single",
		"rating": 2,
		"doj": "20120424"
	}, {
		"eNo": 4000,
		"eName": "Vishakha",
		"salary": 92000,
		"currency": "INR",
		"smoker": false,
		"gender": "https://encrypted-tbn0.gstatic.com/images?q=tbn%3AANd9GcQDD3TAfPKVjNyU4CKXPi-U0XtlduattMomaA&usqp=CAU",
		"mStat": "Married",
		"rating": 4,
		"doj": "20151123"
	}, {
		"eNo": 5000,
		"eName": "Srinivas",
		"salary": 7899,
		"currency": "USD",
		"smoker": false,
		"gender": "https://encrypted-tbn0.gstatic.com/images?q=tbn%3AANd9GcQ4X-UKegvFJk9xQtCqkjcj7m1Wr-cUWk4P0Q&usqp=CAU",
		"mStat": "Married",
		"rating": 5,
		"doj": "20190310"
	}]
}