{
  "run": [
    {
      "filePath": "/page_CSS.html",
      "previewMode": 1,
      "dataMode": 1,
      "workspace": "withoutWorkspace",
      "ui5ActiveVersion": null,
      "ui5VerSource": null,
      "isDefaultVersion": 0,
      "urlParameters": [],
      "hashParameter": "",
      "backendSystem": [],
      "_metadata": {
        "runnerId": "webapprunner",
        "id": 5939817,
        "displayName": "Run page_CSS.html",
        "lastRunTimeStamp": 1602419889990
      }
    },
    {
      "filePath": "/index.html",
      "previewMode": 1,
      "dataMode": 1,
      "workspace": "withoutWorkspace",
      "ui5ActiveVersion": null,
      "ui5VerSource": null,
      "isDefaultVersion": 0,
      "urlParameters": [],
      "hashParameter": "",
      "backendSystem": [],
      "_metadata": {
        "runnerId": "webapprunner",
        "id": 4142803,
        "displayName": "Run index.html",
        "lastRunTimeStamp": 1602141439410
      }
    },
    {
      "filePath": "/exercise1.html",
      "previewMode": 1,
      "dataMode": 1,
      "workspace": "withoutWorkspace",
      "ui5ActiveVersion": null,
      "ui5VerSource": null,
      "isDefaultVersion": 0,
      "urlParameters": [],
      "hashParameter": "",
      "backendSystem": [],
      "_metadata": {
        "runnerId": "webapprunner",
        "id": 1050966,
        "displayName": "Run exercise1.html",
        "lastRunTimeStamp": 1602141423633
      }
    }
  ]
}